Subject,Course
ITCS,6114
ITCS,6115
ITCS,6156
ITCS,5152
ITCS,6120
ITCS,6150
ITCS,5122
ITCS,6162
ITCS,6345
ITCS,5145
ITCS,6166
ITCS,6182
ITCS,5152
ITCS,5156
ITCS,5230
ITCS,5231
ITCS,5232
ITCS,5235
ITCS,5236
ITCS,6050
ITCS,6120
ITCS,6125
ITCS,6127
ITCS,6134
ITCS,6150
ITCS,6151
ITCS,6152
ITCS,6156
ITCS,6158
ITCS,6500
ITCS,6881
ITCS,6991
ITCS,5121
ITCS,5122
ITCS,5123
ITCS,6040
ITCS,6100
ITCS,6124
ITCS,6126
ITCS,6140
ITCS,6155
ITCS,6157
ITCS,6160
ITCS,6161
ITCS,6162
ITCS,6163
ITCS,6190
ITCS,6265
ITCS,6345
ITCS,6882
ITCS,6991
ITIS,6200
ITIS,5221
ITIS,5250
ITIS,5260
ITIS,6150
ITIS,6167
ITIS,6210
ITIS,6220
ITIS,6230
ITIS,6240
ITIS,6362
ITIS,6420
ITCS,5102
ITCS,5133
ITCS,5145
ITCS,5180
ITCS,5182
ITCS,6112
ITCS,6132
ITCS,6166
ITCS,6167
ITCS,6168
ITCS,6182
ITCS,6190
ITCS,6883
ITCS,6991
ITIS,5166
ITIS,5280
ITIS,6167
ECGR,5101
ECGR,5124
ECGR,6181
ITCS,5180
ITCS,5231
ITCS,5232
ITCS,6112
ITCS,6880
ITCS,6881
ITCS,6882
ITCS,6883
ITCS,6991
ITIS,5166
